{
    "version": 1,
    "source": "vanillara.zip",
    "items": [
        "VanillaRA.sh",
        "vanillara/"
    ],
    "items_opt": null,
    "md5": null,
    "attr": {
        "title": "VanillaRA",
        "desc": "Vanilla Conquer is a fully portable version Command and Conquer Red Alert.",
        "inst": "The game comes with the demo files, read the README for detailed information on installing the full game.",
        "genres": [
            "strategy"
        ],
        "porter": "kloptops and Snoopy",
        "image": null,
        "rtr": true,
        "runtime": null,
        "reqs": []
    }
}