{
    "version": 2,
    "name": "freeciv.zip",
    "items": [
        "FreeCiv.sh",
        "freeciv/"
    ],
    "items_opt": null,
    "attr": {
        "title": "FreeCiv",
        "desc": "Freeciv is a Free and Open Source empire-building strategy game inspired by the history of human civilization.",
        "inst": "All game files are included.",
        "genres": [
            "simulation",
            "strategy"
        ],
        "porter": "",
        "image": null,
        "rtr": true,
        "runtime": null,
        "reqs": []
    }
}