{
    "version": 2,
    "name": "half-life.zip",
    "items": [
        "Half-Life.sh",
        "Half-Life/"
    ],
    "items_opt": [
        "Half-Life Blue Shift.sh",
        "Half-Life Opposing Forces.sh"
    ],
    "attr": {
        "title": "Half-Life",
        "desc": "Half-Life is Valve's debut title which blends blends action and adventure with award-winning technology to create a frighteningly realistic world where players must think to survive.",
        "inst": "You need to have your own copy of the game. You need to copy the steam valve directory from your steam installation into ports/Half-Life/valve directory. You can also run Half-Life Blue Shift/Opposing Forces by copying the contents of the bshift/gearbox steam files into their respective ports/Half-Life/ directory.",
        "genres": [
            "fps",
            "action"
        ],
        "porter": "kloptops",
        "image": null,
        "rtr": false,
        "runtime": null,
        "reqs": []
    }
}