{
  "version": 2,
  "name": "drally.zip",
  "items": [
    "dRally.sh",
    "drally/"
  ],
  "items_opt": [],
  "attr": {
    "title": "dRally",
    "porter": [
      "kloptops",
      "Snoopy"
    ],
    "desc": "Death Rally is a vehicular combat racing video game developed by Remedy Entertainment, published by Apogee Software and distributed by GT Interactive.",
    "inst": "The game needs the original assets, they are freely available. Build the install directory listed on https://github.com/urxp/dRally then place the files into ports/drally/.",
    "genres": [
      "racing"
    ],
    "image": null,
    "rtr": false,
    "runtime": null,
    "reqs": []
  }
}