{
    "version": 2,
    "name": "vcmi.zip",
    "items": [
        "VCMI.sh",
        "vcmi/"
    ],
    "items_opt": null,
    "attr": {
        "title": "VCMI",
        "desc": "VCMI is a fully portable version of Heroes of Might and Magic III.",
        "inst": "Copy the GoG installer files to ports/vcmi and it will install the game files as required, see the README for more information.",
        "genres": [
            "strategy",
            "rpg"
        ],
        "porter": "kloptops",
        "image": null,
        "rtr": false,
        "runtime": null,
        "reqs": []
    },
    "status": null
}