{
    "version": 2,
    "name": "vcmi.zip",
    "items": [
        "VCMI.sh",
        "vcmi/"
    ],
    "items_opt": null,
    "attr": {
        "title": "VCMI - Heroes of Might and Magic III",
        "desc": "VCMI is a fully portable version of Heroes of Might and Magic III.",
        "inst": "Copy the GoG installer files to ports/vcmi and it will install the game files as required, see the README for more information.",
        "genres": [
            "rpg",
            "strategy"
        ],
        "porter": [
            "kloptops"
        ],
        "image": null,
        "rtr": false,
        "runtime": null,
        "reqs": []
    }
}