{
    "version": 2,
    "name": "rlvm.zip",
    "items": [
        "Rlvm.sh",
        "rlvm/"
    ],
    "items_opt": null,
    "attr": {
        "title": "Rlvm",
        "desc": "Rlvm is a Free Software reimplementation of the Key RealLive interpreter for Visual Novels. Notable games include CLANNAD, AIR, & KANON.",
        "inst": "Add your game files to the ports/rlvm/games/GAME_NAME directory, multiple games can be installed and you will get a choice of which game you want to play at launch. HD Releases do not currently work properly.",
        "genres": [
            "simulation",
            "visual novel"
        ],
        "porter": "kloptops",
        "image": null,
        "rtr": false,
        "runtime": null,
        "reqs": []
    }
}