{
	"type" : "object",
	"$schema" : "http://json-schema.org/draft-04/schema",
	"title" : "VCMI map object format",
	"description" : "Description of map object class",
	"required" : [ "name", "handler" ],
	"additionalProperties" : false,

	"properties" : {
		"name" : {
			"type" : "string"
		},
		"index" : {
			"type" : "number"
		},
		"lastReservedIndex" : {
			"type" : "number"
		},
		"handler" : {
			"type" : "string"
		},
		"base" : {
			"type" : "object"
		},
		"types" : {
			"type" : "object",
			"additionalProperties" : {
				"$ref" : "objectType.json"
			}
		}
	}
}
