{
	"bron":
	{
		"index": 112,
		"class" : "beastmaster",
		"female": false,
		"skills":
		[
			{ "skill" : "armorer", "level": "basic" },
			{ "skill" : "resistance", "level": "basic" }
		],
		"specialty" : {
			"creature" : "basilisk"
		},
		"army" :
		[
			{
				"min" : 10, "max" : 20,
				"creature" : "gnoll"
			},
			{
				"min" : 4, "max" : 7,
				"creature" : "basilisk"
			},
			{
				"min" : 2, "max" : 4,
				"creature" : "serpentFly"
			}
		]
	},
	"drakon":
	{
		"index": 113,
		"class" : "beastmaster",
		"female": false,
		"skills":
		[
			{ "skill" : "armorer", "level": "basic" },
			{ "skill" : "leadership", "level": "basic" }
		],
		"specialty" : {
			"creature" : "gnoll"
		}
	},
	"wystan":
	{
		"index": 114,
		"class" : "beastmaster",
		"female": false,
		"skills":
		[
			{ "skill" : "armorer", "level": "basic" },
			{ "skill" : "archery", "level": "basic" }
		],
		"specialty" : {
			"creature" : "lizardman"
		}
	},
	"tazar":
	{
		"index": 115,
		"class" : "beastmaster",
		"female": false,
		"skills":
		[
			{ "skill" : "armorer", "level": "advanced" }
		],
		"specialty" : {
			"bonuses" : {
				"armorer" : {
					"type" : "GENERAL_DAMAGE_REDUCTION",
					"subtype" : -1,
					"targetSourceType" : "SECONDARY_SKILL",
					"updater" : "TIMES_HERO_LEVEL",
					"val" : 5,
					"valueType" : "PERCENT_TO_TARGET_TYPE"
				}
			}
		}
	},
	"alkin":
	{
		"index": 116,
		"class" : "beastmaster",
		"female": false,
		"skills":
		[
			{ "skill" : "armorer", "level": "basic" },
			{ "skill" : "offence", "level": "basic" }
		],
		"specialty" : {
			"creature" : "gorgon"
		}
	},
	"korbac":
	{
		"index": 117,
		"class" : "beastmaster",
		"female": false,
		"skills":
		[
			{ "skill" : "armorer", "level": "basic" },
			{ "skill" : "pathfinding", "level": "basic" }
		],
		"specialty" : {
			"creature" : "serpentFly"
		}
	},
	"gerwulf":
	{
		"index": 118,
		"class" : "beastmaster",
		"female": false,
		"skills":
		[
			{ "skill" : "armorer", "level": "basic" },
			{ "skill" : "artillery", "level": "basic" }
		],
		"specialty" : {
			"creature" : "ballista"
		}
	},
	"broghild":
	{
		"index": 119,
		"class" : "beastmaster",
		"female": false,
		"skills":
		[
			{ "skill" : "armorer", "level": "basic" },
			{ "skill" : "scouting", "level": "basic" }
		],
		"specialty" : {
			"creature" : "wyvern"
		}
	},
	"mirlanda":
	{
		"index": 120,
		"class" : "witch",
		"spellbook": [ "weakness" ],
		"female": true,
		"skills":
		[
			{ "skill" : "wisdom", "level": "advanced" }
		],
		"specialty" : {
			"bonuses" : {
				"weakness" : {
					"addInfo" : 0,
					"subtype" : "spell.weakness",
					"type" : "SPECIAL_PECULIAR_ENCHANT"
				}
			}
		}
	},
	"rosic":
	{
		"index": 121,
		"class" : "witch",
		"female": true,
		"spellbook": [ "magicArrow" ],
		"skills":
		[
			{ "skill" : "wisdom", "level": "basic" },
			{ "skill" : "mysticism", "level": "basic" }
		],
		"specialty" : {
			"bonuses" : {
				"mysticism" : {
					"targetSourceType" : "SECONDARY_SKILL",
					"type" : "MANA_REGENERATION",
					"updater" : "TIMES_HERO_LEVEL",
					"val" : 5,
					"valueType" : "PERCENT_TO_TARGET_TYPE"
				}
			}
		}
	},
	"voy":
	{
		"index": 122,
		"class" : "witch",
		"female": true,
		"spellbook": [ "slow" ],
		"skills":
		[
			{ "skill" : "wisdom", "level": "basic" },
			{ "skill" : "navigation", "level": "basic" }
		],
		"specialty" : {
			"bonuses" : {
				"navigation" : {
					"targetSourceType" : "SECONDARY_SKILL",
					"subtype" : 0,
					"type" : "MOVEMENT",
					"updater" : "TIMES_HERO_LEVEL",
					"val" : 5,
					"valueType" : "PERCENT_TO_TARGET_TYPE"
				}
			}
		}
	},
	"verdish":
	{
		"index": 123,
		"class" : "witch",
		"female": true,
		"spellbook": [ "protectFire" ],
		"skills":
		[
			{ "skill" : "wisdom", "level": "basic" },
			{ "skill" : "firstAid", "level": "basic" }
		],
		"specialty" : {
			"bonuses" : {
				"firstAid" : {
					"subtype" : "spell.firstAid",
					"type" : "SPECIFIC_SPELL_POWER",
					"updater" : "TIMES_HERO_LEVEL",
					"val" : 5,
					"valueType" : "PERCENT_TO_TARGET_TYPE",
					"targetSourceType" : "SECONDARY_SKILL"
				}
			}
		}
	},
	"merist":
	{
		"index": 124,
		"class" : "witch",
		"female": true,
		"spellbook": [ "stoneSkin" ],
		"skills":
		[
			{ "skill" : "wisdom", "level": "basic" },
			{ "skill" : "learning", "level": "basic" }
		],
		"specialty" : {
			"bonuses" : {
				"stoneSkin" : {
					"addInfo" : 0,
					"subtype" : "spell.stoneSkin",
					"type" : "SPECIAL_PECULIAR_ENCHANT"
				}
			}
		}
	},
	"styg":
	{
		"index": 125,
		"class" : "witch",
		"female": true,
		"spellbook": [ "shield" ],
		"skills":
		[
			{ "skill" : "wisdom", "level": "basic" },
			{ "skill" : "sorcery", "level": "basic" }
		],
		"specialty" : {
			"bonuses" : {
				"sorcery" : {
					"targetSourceType" : "SECONDARY_SKILL",
					"type" : "SPELL_DAMAGE",
					"updater" : "TIMES_HERO_LEVEL",
					"val" : 5,
					"valueType" : "PERCENT_TO_TARGET_TYPE"
				}
			}
		}
	},
	"andra":
	{
		"index": 126,
		"class" : "witch",
		"female": true,
		"spellbook": [ "dispel" ],
		"skills":
		[
			{ "skill" : "wisdom", "level": "basic" },
			{ "skill" : "intelligence", "level": "basic" }
		],
		"specialty" : {
			"bonuses" : {
				"intelligence" : {
					"targetSourceType" : "SECONDARY_SKILL",
					"type" : "MANA_PER_KNOWLEDGE",
					"updater" : "TIMES_HERO_LEVEL",
					"val" : 5,
					"valueType" : "PERCENT_TO_TARGET_TYPE"
				}
			}
		}
	},
	"tiva":
	{
		"index": 127,
		"class" : "witch",
		"female": true,
		"spellbook": [ "stoneSkin" ],
		"skills":
		[
			{ "skill" : "wisdom", "level": "basic" },
			{ "skill" : "eagleEye", "level": "basic" }
		],
		"specialty" : {
			"bonuses" : {
				"eagleEye" : {
					"subtype" : 0,
					"type" : "LEARN_BATTLE_SPELL_CHANCE",
					"updater" : "TIMES_HERO_LEVEL",
					"val" : 5,
					"valueType" : "PERCENT_TO_TARGET_TYPE",
					"targetSourceType" : "SECONDARY_SKILL"
				}
			}
		}
	}
}
