<AnimationLayers>
    <AnimationLayer />
</AnimationLayers>
<Bones>
    <Bone idx="0" gfx="Drask/Body" pidx="-1" name="Body" fh="0" fv="0" gc="1" cr="0" cp="0 0" />
    <Bone idx="1" gfx="Drask/Leg1" pidx="0" name="" fh="0" fv="0" gc="1" cr="0" cp="0 0" rbp="1" />
    <Bone idx="2" gfx="Drask/Leg2" pidx="1" name="" fh="0" fv="0" gc="1" cr="0" cp="0 0" rbp="1" />
    <Bone idx="3" gfx="Drask/Leg3" pidx="2" name="" fh="0" fv="0" gc="1" cr="0" cp="0 0" rbp="1" />
    <Bone idx="4" gfx="Drask/Leg1" pidx="0" name="" fh="0" fv="0" gc="1" cr="0" cp="0 0" />
    <Bone idx="5" gfx="Drask/Leg2" pidx="4" name="" fh="0" fv="0" gc="1" cr="0" cp="0 0" rbp="1" />
    <Bone idx="6" gfx="Drask/Leg3" pidx="5" name="" fh="0" fv="0" gc="1" cr="0" cp="0 0" rbp="1" />
    <Bone idx="7" gfx="Drask/Head" pidx="0" name="Head" fh="0" fv="0" gc="1" cr="0" cp="0 0" />
    <Bone idx="8" gfx="Drask/Arm1" pidx="0" name="" fh="1" fv="0" gc="1" cr="0" cp="0 0" rbp="1" />
    <Bone idx="9" gfx="Drask/Arm2" pidx="8" name="" fh="0" fv="0" gc="1" cr="0" cp="0 0" />
    <Bone idx="10" gfx="Drask/Arm3" pidx="9" name="" fh="0" fv="0" gc="1" cr="0" cp="0 0" rbp="1" />
    <Bone idx="11" gfx="Drask/Arm1" pidx="0" name="" fh="0" fv="0" gc="1" cr="0" cp="0 0" />
    <Bone idx="12" gfx="Drask/Arm2" pidx="11" name="" fh="0" fv="0" gc="1" cr="0" cp="0 0" />
    <Bone idx="13" gfx="Drask/Arm3" pidx="12" name="" fh="0" fv="0" gc="1" cr="0" cp="0 0" rbp="1" />
    <Bone idx="20" gfx="Drask/Trident" pidx="13" name="Trident" fh="0" fv="0" gc="1" cr="0" cp="0 0" rbp="1" />
</Bones>
<Animations>
    <Animation name="idle">
        <Key e="0 0 0 0 0 0 0 0 0 0 0 0 0 0 0 0 1 -10 46 0 0 2 0 21 0 0 3 9 38 0 0 4 2 47 0 0 5 1 22 0 0 6 7 35 0 0 7 -3 -62 0 0 8 -13 -23 -1 0 9 12 37 0 0 10 5 17 11 0 11 14 -25 -10 0 12 10 37 10 0 13 4 18 15 0 14 0 0 0 0 15 0 0 0 0 20 -5 0 -22 0 " />
        <Key lerp="2" e="0.8 0 -2 21 0 0 0 0 0 0 0 0 0 0 0 0 1 -13 43 4 0 2 0 21 0 0 3 9 38 0 0 4 4 47 -5 0 5 1 22 0 0 6 7 35 0 0 7 -3 -62 0 0 8 -13 -21 16 0 9 16 36 -13 0 10 5 17 -22 0 11 15 -23 -11 0 12 6 35 25 0 13 3 18 -8 0 14 0 0 0 0 15 0 0 0 0 20 1 7 -9 0 " />
        <Key lerp="2" e="2.1 0 0 -10 0 0 0 0 0 0 0 0 0 0 0 0 1 -11 45 0 0 2 1 23 0 0 3 12 33 -21 0 4 1 47 0 0 5 1 23 2 0 6 14 34 -26 0 7 -3 -62 0 0 8 -13 -21 -5 0 9 11 36 3 0 10 5 17 -9 0 11 15 -23 2 0 12 9 37 9 0 13 5 19 9 0 14 0 0 0 0 15 0 0 0 0 20 -4 0 -20 0 " />
        <Key e="2.5 0 0 0 0 0 0 0 0 0 0 0 0 0 0 0 1 -10 46 0 0 2 0 21 0 0 3 9 38 0 0 4 2 47 0 0 5 1 22 0 0 6 7 35 0 0 7 -3 -62 0 0 8 -13 -23 -1 0 9 12 37 0 0 10 5 17 11 0 11 14 -25 -10 0 12 10 37 10 0 13 4 18 15 0 14 0 0 0 0 15 0 0 0 0 20 -5 0 -22 0 " />
    </Animation>
    <Animation name="sit">
        <Key e="0 0 0 0 0 0 0 0 0 0 0 0 0 0 0 0 1 -13 35 44 0 2 4 21 -39 0 3 12 38 -10 0 4 -7 43 29 0 5 5 24 -29 0 6 10 35 -12 0 7 -3 -62 0 0 8 -13 -23 15 0 9 19 33 -37 0 10 5 17 11 0 11 15 -24 -10 0 12 7 37 24 0 13 4 18 17 0 14 0 0 0 0 15 0 0 0 0 20 -11 -3 -21 0 " />
        <Key lerp="1" e="1.6 0 0 0 4 0 0 0 0 0 0 0 0 0 0 0 1 -13 35 39 0 2 4 21 -39 0 3 12 38 -10 0 4 -6 43 25 0 5 5 24 -29 0 6 10 35 -12 0 7 -5 -64 -3 0 8 -15 -23 8 0 9 19 33 -37 0 10 5 17 11 0 11 15 -24 -10 0 12 7 37 24 0 13 4 18 17 0 14 0 0 0 0 15 0 0 0 0 20 -11 -3 -21 0 " />
        <Key e="3.4 0 0 0 0 0 0 0 0 0 0 0 0 0 0 0 1 -13 35 44 0 2 4 21 -39 0 3 12 38 -10 0 4 -7 43 29 0 5 5 24 -29 0 6 10 35 -12 0 7 -3 -62 0 0 8 -13 -23 15 0 9 19 33 -37 0 10 5 17 11 0 11 15 -24 -10 0 12 7 37 24 0 13 4 18 17 0 14 0 0 0 0 15 0 0 0 0 20 -11 -3 -21 0 " />
    </Animation>
    <Animation name="ball">
        <Key e="0 0 0 0 0 0 1 0 0 0 0 2 0 0 0 0 3 0 0 0 0 4 0 0 0 0 5 0 0 0 0 6 0 0 0 0 7 0 0 0 0 8 0 0 0 0 9 0 0 0 0 10 0 0 0 0 11 0 0 0 0 12 0 0 0 0 13 0 0 0 0 14 0 0 0 0 15 0 0 0 0 20 0 0 0 0 " />
    </Animation>
    <Animation name="figure">
        <Key e="0 0 0 0 0 0 0 0 0 0 0 0 0 0 0 0 1 -10 46 0 0 2 0 21 0 0 3 9 38 0 0 4 2 47 0 0 5 1 22 0 0 6 7 35 0 0 7 -3 -62 0 0 8 -13 -23 -1 0 9 12 37 0 0 10 5 17 11 0 11 14 -25 4 0 12 13 38 0 0 13 4 18 10 0 14 0 0 0 0 15 0 0 0 0 20 0 0 0 0 " />
    </Animation>
    <Animation name="sitstill">
        <Key e="0 0 0 0 0 0 0 0 0 0 0 0 0 0 0 0 1 -20 34 59 0 2 4 21 -56 0 3 12 38 -10 0 4 -8 37 48 0 5 5 21 -48 0 6 10 35 -12 0 7 -3 -62 0 0 8 -13 -23 -8 0 9 19 33 -37 0 10 5 17 11 0 11 15 -24 -10 0 12 7 37 24 0 13 4 18 17 0 14 0 0 0 0 15 0 0 0 0 20 -9 0 -22 0 " />
    </Animation>
</Animations>
