{
	"name" : "VCMI essential files",
	"description" : "Essential files required for VCMI to run correctly",

	"chinese" : {
		"name" : "VCMI essential files",
		"description" : "Essential files required for VCMI to run correctly",
		
		"skipValidation" : true,
		"translations" : [
			"config/vcmi/chinese.json"
		]
	},

	"czech" : {
		"name" : "Nezbytné soubory VCMI",
		"description" : "Nezbytné soubory pro správný běh VCMI",
		
		"skipValidation" : true,
		"translations" : [
			"config/vcmi/czech.json"
		]
	},

	"french" : {
		"name" : "VCMI - fichiers nécessaires",
		"description" : "Fichiers nécessaires pour exécuter correctement VCMI",
		"author" : "L'équipe VCMI",

		"skipValidation" : true,
		"translations" : [
			"config/vcmi/french.json"
		]
	},
	
	"german" : {
		"name" : "VCMI - grundlegende Dateien",
		"description" : "Grundlegende Dateien, die für die korrekte Ausführung von VCMI erforderlich sind",
		"author" : "VCMI-Team",
		
		"skipValidation" : true,
		"translations" : [
			"config/vcmi/german.json"
		]
	},
	
	"polish" : {
		"name" : "Podstawowe pliki VCMI",
		"description" : "Dodatkowe pliki wymagane do prawidłowego działania VCMI",
		"author" : "Zespół VCMI",
		
		"skipValidation" : true,
		"translations" : [
			"config/vcmi/polish.json"
		]
	},

	"russian" : {
		"name" : "Ключевые файлы VCMI",
		"description" : "Файлы, необходимые для полноценной работы VCMI",
		"author" : "Команда VCMI",

		"skipValidation" : true,
		"translations" : [
			"config/vcmi/russian.json"
		]
	},

	"ukrainian" : {
		"name" : "VCMI - ключові файли",
		"description" : "Ключові файли необхідні для повноцінної роботи VCMI",
		"author" : "Команда VCMI",
		
		"skipValidation" : true,
		"translations" : [
			"config/vcmi/ukrainian.json"
		]
	},

	"spanish" : {
		"name" : "VCMI - ficheros necesarios",
		"description" : "Ficheros necesarios para ejecutar VCMI correctamente",
		"author" : "Abel Rivas",

		"skipValidation" : true,
		"translations" : [
			"config/vcmi/spanish.json"
		]
	},

	"version" : "1.3",
	"author" : "VCMI Team",
	"contact" : "http://forum.vcmi.eu/index.php",
	"modType" : "Graphical",
	
	"factions" : [ "config/vcmi/towerFactions" ],
	"creatures" : [ "config/vcmi/towerCreature" ],
		
	"translations" : [
		"config/vcmi/english.json"
	],
	
	"templates" : [
		"config/vcmi/rmg/hdmod/aroundamarsh.JSON",
		"config/vcmi/rmg/hdmod/balance.JSON",
		"config/vcmi/rmg/hdmod/blockbuster.JSON",
		"config/vcmi/rmg/hdmod/clashOfDragons.json",
		"config/vcmi/rmg/hdmod/coldshadowsFantasy.json",
		"config/vcmi/rmg/hdmod/cube.JSON",
		"config/vcmi/rmg/hdmod/diamond.JSON",
		"config/vcmi/rmg/hdmod/extreme.JSON",
		"config/vcmi/rmg/hdmod/extreme2.JSON",
		"config/vcmi/rmg/hdmod/fear.JSON",
		"config/vcmi/rmg/hdmod/frozenDragons.JSON",
		"config/vcmi/rmg/hdmod/gimlisRevenge.JSON",
		"config/vcmi/rmg/hdmod/guerilla.JSON",
		"config/vcmi/rmg/hdmod/headquarters.JSON",
		"config/vcmi/rmg/hdmod/hypercube.JSON",
		"config/vcmi/rmg/hdmod/jebusCross.json",
		"config/vcmi/rmg/hdmod/longRun.JSON",
		"config/vcmi/rmg/hdmod/marathon.JSON",
		"config/vcmi/rmg/hdmod/miniNostalgia.JSON",
		"config/vcmi/rmg/hdmod/nostalgia.JSON",
		"config/vcmi/rmg/hdmod/oceansEleven.JSON",
		"config/vcmi/rmg/hdmod/panic.JSON",
		"config/vcmi/rmg/hdmod/poorJebus.JSON",
		"config/vcmi/rmg/hdmod/reckless.JSON",
		"config/vcmi/rmg/hdmod/roadrunner.JSON",
		"config/vcmi/rmg/hdmod/shaaafworld.JSON",
		"config/vcmi/rmg/hdmod/skirmish.JSON",
		"config/vcmi/rmg/hdmod/speed1.JSON",
		"config/vcmi/rmg/hdmod/speed2.JSON",
		"config/vcmi/rmg/hdmod/spider.JSON",
		"config/vcmi/rmg/hdmod/superslam.JSON",
		"config/vcmi/rmg/hdmod/triad.JSON",
		"config/vcmi/rmg/hdmod/vortex.JSON",
		"config/vcmi/rmg/heroes3/dwarvenTunnels.JSON",
		"config/vcmi/rmg/heroes3/golemsAplenty.JSON",
		"config/vcmi/rmg/heroes3/meetingInMuzgob.JSON",
		"config/vcmi/rmg/heroes3/monksRetreat.JSON",
		"config/vcmi/rmg/heroes3/newcomers.JSON",
		"config/vcmi/rmg/heroes3/readyOrNot.JSON",
		"config/vcmi/rmg/heroes3/smallRing.JSON",
		"config/vcmi/rmg/heroes3/southOfHell.JSON",
		"config/vcmi/rmg/heroes3/worldsAtWar.JSON",
		"config/vcmi/rmg/symmetric/2sm0k.JSON",
		"config/vcmi/rmg/symmetric/2sm2a.JSON",
		"config/vcmi/rmg/symmetric/2sm2b.JSON",
		"config/vcmi/rmg/symmetric/2sm2b(2).JSON",
		"config/vcmi/rmg/symmetric/2sm2c.JSON",
		"config/vcmi/rmg/symmetric/2sm2f.JSON",
		"config/vcmi/rmg/symmetric/2sm2f(2).JSON",
		"config/vcmi/rmg/symmetric/2sm2h.JSON",
		"config/vcmi/rmg/symmetric/2sm2h(2).JSON",
		"config/vcmi/rmg/symmetric/2sm2i.JSON",
		"config/vcmi/rmg/symmetric/2sm2i(2).JSON",
		"config/vcmi/rmg/symmetric/2sm4d.JSON",
		"config/vcmi/rmg/symmetric/2sm4d(2).JSON",
		"config/vcmi/rmg/symmetric/2sm4d(3).JSON",
		"config/vcmi/rmg/symmetric/3sb0b.JSON",
		"config/vcmi/rmg/symmetric/3sb0c.JSON",
		"config/vcmi/rmg/symmetric/3sm3d.JSON",
		"config/vcmi/rmg/symmetric/4sm0d.JSON",
		"config/vcmi/rmg/symmetric/4sm0f.JSON",
		"config/vcmi/rmg/symmetric/4sm0g.JSON",
		"config/vcmi/rmg/symmetric/4sm4e.JSON",
		"config/vcmi/rmg/symmetric/5sb0a.JSON",
		"config/vcmi/rmg/symmetric/5sb0b.JSON",
		"config/vcmi/rmg/symmetric/6lm10.JSON",
		"config/vcmi/rmg/symmetric/6lm10a.JSON",
		"config/vcmi/rmg/symmetric/6sm0b.JSON",
		"config/vcmi/rmg/symmetric/6sm0d.JSON",
		"config/vcmi/rmg/symmetric/6sm0e.JSON",
		"config/vcmi/rmg/symmetric/7sb0b.JSON",
		"config/vcmi/rmg/symmetric/7sb0c.JSON",
		"config/vcmi/rmg/symmetric/8mm0e.JSON",
		"config/vcmi/rmg/symmetric/8mm6.JSON",
		"config/vcmi/rmg/symmetric/8mm6a.JSON",
		"config/vcmi/rmg/symmetric/8sm0c.JSON",
		"config/vcmi/rmg/symmetric/8sm0f.JSON",
		"config/vcmi/rmg/symmetric/8xm12.JSON",
		"config/vcmi/rmg/symmetric/8xm12a.JSON",
		"config/vcmi/rmg/symmetric/8xm8.JSON"
	],

	"filesystem":
	{
		"CONFIG/" :
		[
			{"type" : "dir",  "path" : "/Config"}
		],
		"DATA/" :
		[
			{"type" : "dir",  "path" : "/Data"}
		],
		"SPRITES/":
		[
			{"type" : "dir",  "path" : "/Sprites"}
		],
		"MAPS/":
		[
			{"type" : "dir",  "path" : "/Maps"}
		],
		"SOUNDS/":
		[
			{"type" : "dir", "path" : "/Sounds"}
		]
	}
}
