{
    "version": 1,
    "source": "gemrb.zip",
    "items": [
        "GemRB.sh",
        "gemrb/"
    ],
    "items_opt": null,
    "md5": null,
    "attr": {
        "title": "GemRB",
        "desc": "GemRB (Game Engine Made with preRendered Background) is a portable open-source reimplementation of the Infinity Engine that underpinned Baldur's Gate, Icewind Dale and Planescape: Torment.",
        "inst": "Add your game files to the ports/gemrb/games/GAMEID directory, multiple games can be installed and you will get a choice of which game you want to play at launch.",
        "genres": [
            "rpg",
            "strategy"
        ],
        "porter": "kloptops",
        "image": null,
        "rtr": false,
        "runtime": null,
        "reqs": []
    }
}